tool	iDQ 1.0	iDQ 1.0	iDQ 1.0	iDQ 1.0
run set	dqbf19	dqbf19	dqbf19	dqbf19
benchmarks/afterhqspre/dqbf19/	status	cputime (s)	walltime (s)	memory (MB)
pipe.battleship-10-17-sat.cnf.dqdimacs	sat	7.175083012	7.215571243315935	12.447744
pipe.battleship-11-11-unsat.cnf.dqdimacs	unsat	663.004831235	662.5712188072503	29.356032
pipe.battleship-11-21-sat.cnf.dqdimacs	sat	1.148894241	1.1964737102389336	10.87488
pipe.battleship-12-12-unsat.cnf.dqdimacs	unsat	66.133517793	66.13609067350626	14.942207999999999
pipe.battleship-13-13-unsat.cnf.dqdimacs	TIMEOUT	901.678229259	901.0522633716464	45.608959999999996
pipe.battleship-7-12-unsat.cnf.dqdimacs	unsat	344.312110865	344.0919349603355	25.505792
pipe.bloem_add10n.dqdimacs	TIMEOUT	901.794470616	901.1792926341295	1745.084416
pipe.bloem_add10y.dqdimacs	TIMEOUT	901.671580415	901.1469239257276	1625.6778239999999
pipe.bloem_add16n.dqdimacs	TIMEOUT	901.795414377	901.175124745816	1881.923584
pipe.bloem_add20n.dqdimacs	TIMEOUT	901.779412733	901.1708169393241	1996.4805119999999
pipe.bloem_add6n.dqdimacs	TIMEOUT	901.778449407	901.1950125955045	1851.506688
pipe.bloem_add8y.dqdimacs	TIMEOUT	901.775869142	901.1628718301654	1499.324416
pipe.bloem_amba10b4unrealy.dqdimacs	TIMEOUT	901.752217375	901.116249460727	1217.507328
pipe.bloem_amba2f8unrealy.dqdimacs	TIMEOUT	901.65446666	901.1309796459973	1206.6324479999998
pipe.bloem_amba3b4unrealy.dqdimacs	TIMEOUT	901.763452586	901.130700815469	1420.55424
pipe.bloem_amba3c5n.dqdimacs	TIMEOUT	901.711094053	901.0988628789783	761.245696
pipe.bloem_amba4b9n.dqdimacs	TIMEOUT	901.773787853	901.1468740478158	1625.022464
pipe.bloem_amba4c7n.dqdimacs	TIMEOUT	901.738484926	901.0986191444099	969.1381759999999
pipe.bloem_amba5b4unrealy.dqdimacs	TIMEOUT	901.76927458	901.1466313526034	1438.236672
pipe.bloem_amba6c5n.dqdimacs	TIMEOUT	901.6559844	901.130784932524	1175.699456
pipe.bloem_amba7b4unrealy.dqdimacs	TIMEOUT	901.748501787	901.098594199866	1041.4940159999999
pipe.bloem_amba8c6unrealn.dqdimacs	TIMEOUT	901.73765538	901.1164935827255	1224.5975039999998
pipe.bloem_amba8c7y.dqdimacs	TIMEOUT	901.73684423	901.0988062247634	956.817408
pipe.bloem_amba8f56unrealy.dqdimacs	TIMEOUT	901.762880185	901.1349272876978	1215.2913919999999
pipe.bloem_amba8f57n.dqdimacs	TIMEOUT	901.748431067	901.1468607522547	1097.457664
pipe.bloem_amba9b5y.dqdimacs	TIMEOUT	901.654988774	901.0948806256056	1253.82656
pipe.bloem_amba9c5n.dqdimacs	TIMEOUT	901.733984804	901.0947681181133	1043.329024
pipe.bloem_bs128y.dqdimacs	TIMEOUT	901.765323252	901.1348442174494	1653.846016
pipe.bloem_bs16n.dqdimacs	TIMEOUT	901.807437055	901.1787512637675	2177.6179199999997
pipe.bloem_bs16y.dqdimacs	TIMEOUT	901.817707645	901.1946287825704	2192.953344
pipe.bloem_bs64n.dqdimacs	TIMEOUT	901.773112459	901.162763364613	1370.210304
pipe.bloem_bs8y.dqdimacs	TIMEOUT	901.637240302	901.1143128015101	1033.8795519999999
pipe.bloem_cnt11n.dqdimacs	TIMEOUT	901.708758597	901.0827844105661	497.41823999999997
pipe.bloem_cnt11y.dqdimacs	TIMEOUT	901.716222246	901.0909892655909	854.581248
pipe.bloem_cnt4n.dqdimacs	sat	0.078570669	0.12295828387141228	7.729152
pipe.bloem_cnt6n.dqdimacs	sat	65.338893902	65.34704423323274	274.45248
pipe.bloem_cnt6y.dqdimacs	sat	174.300840345	174.2031332142651	384.548864
pipe.bloem_cnt7y.dqdimacs	TIMEOUT	901.731190968	901.1148692667484	722.59584
pipe.bloem_cnt9n.dqdimacs	TIMEOUT	901.731583045	901.1188611723483	774.361088
pipe.bloem_genbuf10b4y.dqdimacs	TIMEOUT	901.730049125	901.0831721238792	807.1331839999999
pipe.bloem_genbuf10c3n.dqdimacs	TIMEOUT	901.673498416	901.1306743994355	1561.3214719999999
pipe.bloem_genbuf11b3unrealn.dqdimacs	TIMEOUT	901.760909033	901.1310052610934	1339.547648
pipe.bloem_genbuf11c2unrealn.dqdimacs	TIMEOUT	901.761455458	901.1306854821742	1595.916288
pipe.bloem_genbuf11c2unrealy.dqdimacs	TIMEOUT	901.767736094	901.1454016938806	1357.889536
pipe.bloem_genbuf11f11n.dqdimacs	TIMEOUT	901.74463664	901.1081852652133	1031.921664
pipe.bloem_genbuf11f11y.dqdimacs	TIMEOUT	901.73367463	901.0828454867005	810.139648
pipe.bloem_genbuf12b4y.dqdimacs	TIMEOUT	901.648284673	901.1147169433534	985.3829119999999
pipe.bloem_genbuf12f12n.dqdimacs	TIMEOUT	901.741769246	901.0985839478672	997.715968
pipe.bloem_genbuf12f12y.dqdimacs	TIMEOUT	901.724668629	901.0991394817829	857.985024
pipe.bloem_genbuf13b4n.dqdimacs	TIMEOUT	901.749398807	901.1106791347265	874.8933119999999
pipe.bloem_genbuf13f13y.dqdimacs	TIMEOUT	901.722028684	901.1108911819756	599.9083519999999
pipe.bloem_genbuf14b3unrealn.dqdimacs	TIMEOUT	901.755251744	901.1150684133172	1377.0301439999998
pipe.bloem_genbuf14c2unrealn.dqdimacs	TIMEOUT	901.661036319	901.1308554112911	1309.515776
pipe.bloem_genbuf15b4y.dqdimacs	TIMEOUT	901.750331346	901.1308355927467	1224.855552
pipe.bloem_genbuf15c3y.dqdimacs	TIMEOUT	901.769676621	901.1468111202121	1728.172032
pipe.bloem_genbuf15f14unrealy.dqdimacs	TIMEOUT	901.754491741	901.1145625971258	984.4695039999999
pipe.bloem_genbuf15f15n.dqdimacs	TIMEOUT	901.742074514	901.1148241087794	918.806528
pipe.bloem_genbuf16c2unrealn.dqdimacs	TIMEOUT	901.765870007	901.1508137844503	1488.044032
pipe.bloem_genbuf16c3y.dqdimacs	TIMEOUT	901.685256166	901.1586853899062	1831.985152
pipe.bloem_genbuf1b4n.dqdimacs	TIMEOUT	901.766167269	901.1306951195002	1476.251648
pipe.bloem_genbuf1f3unrealn.dqdimacs	TIMEOUT	901.743518698	901.1146837286651	1271.8735359999998
pipe.bloem_genbuf2b4n.dqdimacs	TIMEOUT	901.770130184	901.1306062228978	1337.176064
pipe.bloem_genbuf3f4y.dqdimacs	TIMEOUT	901.756930341	901.1346834376454	1330.372608
pipe.bloem_genbuf4c3n.dqdimacs	TIMEOUT	901.715666251	901.0668301321566	545.902592
pipe.bloem_genbuf5f4unrealn.dqdimacs	TIMEOUT	901.624607067	901.0987457968295	775.0983679999999
pipe.bloem_genbuf5f4unrealy.dqdimacs	TIMEOUT	901.740474333	901.1147764511406	993.644544
pipe.bloem_genbuf6b4y.dqdimacs	TIMEOUT	901.742201899	901.1152090206742	1222.3610879999999
pipe.bloem_genbuf7c2unrealn.dqdimacs	TIMEOUT	901.774142147	901.15036309883	1451.86816
pipe.bloem_genbuf7f7y.dqdimacs	TIMEOUT	901.752072727	901.146969653666	1233.813504
pipe.bloem_genbuf8b3unrealn.dqdimacs	TIMEOUT	901.749575531	901.1307509504259	1105.5800319999998
pipe.bloem_genbuf8b4y.dqdimacs	TIMEOUT	901.661839576	901.1308684833348	1403.641856
pipe.bloem_genbuf8c2unrealn.dqdimacs	TIMEOUT	901.72626641	901.0991516783834	691.26144
pipe.bloem_genbuf9b4n.dqdimacs	TIMEOUT	901.729946058	901.0990942418575	1006.0922879999999
pipe.bloem_genbuf9c2unrealy.dqdimacs	TIMEOUT	901.750617056	901.1307836435735	1134.542848
pipe.bloem_genbuf9c3n.dqdimacs	TIMEOUT	901.7886632	901.1749457158148	1854.0011519999998
pipe.bloem_genbuf9f8unrealy.dqdimacs	TIMEOUT	901.724090355	901.0832548364997	802.0172799999999
pipe.bloem_ifm_amba15n.dqdimacs	TIMEOUT	901.654513183	901.1338258944452	1332.596736
pipe.bloem_mv11n.dqdimacs	TIMEOUT	901.724868217	901.083071988076	813.940736
pipe.bloem_mv20n.dqdimacs	TIMEOUT	901.791095826	901.1789701059461	2081.931264
pipe.bloem_mv20y.dqdimacs	TIMEOUT	901.82625195	901.2060619294643	2360.979456
pipe.bloem_mv4n.dqdimacs	sat	6.643180212	6.666814211755991	145.74387199999998
pipe.bloem_mv9y.dqdimacs	TIMEOUT	901.733224638	901.0990947373211	948.379648
pipe.bloem_mvs24n.dqdimacs	TIMEOUT	901.646133809	901.1628631204367	1138.8764159999998
pipe.bloem_mvs4n.dqdimacs	sat	0.370797026	0.423028364777565	22.278143999999998
pipe.bloem_stay12y.dqdimacs	TIMEOUT	901.770636418	901.1466373056173	1576.374272
pipe.bloem_stay18n.dqdimacs	TIMEOUT	901.770303611	901.1466524116695	1564.07808
pipe.bloem_stay4n.dqdimacs	TIMEOUT	901.726963584	901.0987947247922	1067.364352
pipe.bloem_stay4y.dqdimacs	TIMEOUT	901.745857103	901.1324850544333	1052.6187519999999
pipe.bloem_stay6n.dqdimacs	TIMEOUT	901.782060845	901.1627899929881	1566.937088
pipe.eulcbip-7-UNSAT.shuffled-as.sat05-3936.cnf.dqdimacs	TIMEOUT	901.578740147	901.0427298955619	32.50176
pipe.f600.shuffled.cnf.dqdimacs	TIMEOUT	901.681468803	901.0429455451667	32.239616
pipe.hwb-n28-01-S136611085.shuffled-as.sat03-1627.cnf.dqdimacs	TIMEOUT	901.678198089	901.0507521592081	26.345471999999997
pipe.mm-2x2-6-6-s.1.shuffled-as.sat03-1499.cnf.dqdimacs	unsat	658.061244678	657.6108568683267	27.652096
pipe.mod2-rand3bip-sat-270-1.shuffled-as.sat05-2248.cnf.dqdimacs	TIMEOUT	901.676758292	901.042592484504	23.814144
pipe.scholl_C432.blif_0.10_0.10_2_0_henkin.dqdimacs	TIMEOUT	901.781874498	901.16278417781	1747.693568
pipe.scholl_C432.blif_0.10_1.00_0_2_henkin.dqdimacs	TIMEOUT	901.644481335	901.1147561222315	903.9871999999999
pipe.scholl_C432.blif_0.10_1.00_2_0_henkin.dqdimacs	TIMEOUT	901.872399148	901.2430940084159	2960.510976
pipe.scholl_C432.blif_0.10_1.00_7_2_henkin.dqdimacs	TIMEOUT	901.793459987	901.1629080362618	1971.4375679999998
pipe.scholl_C432.blif_0.10_1.00_7_3_henkin.dqdimacs	TIMEOUT	901.741227882	901.1309334039688	1294.708736
pipe.scholl_C432.blif_0.20_0.50_2_0_henkin.dqdimacs	TIMEOUT	901.734092226	901.1306502521038	919.1137279999999
pipe.scholl_C432.blif_0.20_0.50_2_1_henkin.dqdimacs	TIMEOUT	901.786087654	901.1465817727149	1772.3392
pipe.scholl_C432.blif_0.20_1.00_0_0_henkin.dqdimacs	TIMEOUT	901.688951922	901.1588518358767	1515.446272
pipe.scholl_C432.blif_0.20_1.00_7_1_henkin.dqdimacs	TIMEOUT	901.81775655	901.1946942098439	2308.554752
pipe.scholl_C432.blif_0.20_1.00_8_2_henkin.dqdimacs	TIMEOUT	901.797595351	901.1627887636423	2012.725248
pipe.scholl_C432.blif_0.40_1.00_1_2_henkin.dqdimacs	unsat	0.026395672	0.058850131928920746	13.234176
pipe.scholl_C432.blif_0.50_1.00_3_3_henkin.dqdimacs	unsat	6.715275193	6.7469315603375435	208.78131199999999
pipe.scholl_C432.blif_0.50_1.00_6_3_henkin.dqdimacs	TIMEOUT	901.712282276	901.0989499501884	842.125312
pipe.scholl_C432.blif_0.50_1.00_8_1_henkin.dqdimacs	TIMEOUT	901.788365128	901.162126403302	1868.0217599999999
pipe.scholl_C499.blif_0.10_1.00_3_0_henkin.dqdimacs	TIMEOUT	901.791113859	901.1628418341279	2021.2449279999998
pipe.scholl_C499.blif_0.10_1.00_4_2_henkin.dqdimacs	TIMEOUT	901.688708276	901.1465181708336	1752.813568
pipe.scholl_C499.blif_0.10_1.00_7_2_henkin.dqdimacs	TIMEOUT	901.805927875	901.1667637750506	1916.5061119999998
pipe.scholl_C499.blif_0.10_1.00_9_2_henkin.dqdimacs	TIMEOUT	901.754696535	901.1466399133205	1469.046784
pipe.scholl_C499.blif_0.20_1.00_2_0_henkin.dqdimacs	TIMEOUT	901.754882439	901.1346850059927	1575.469056
pipe.scholl_C499.blif_0.50_1.00_8_1_henkin.dqdimacs	TIMEOUT	901.781712821	901.1624690555036	1796.4072959999999
pipe.scholl_comp.blif_0.10_0.10_0_0_henkin.dqdimacs	TIMEOUT	901.756778023	901.1147057116032	1189.982208
pipe.scholl_comp.blif_0.10_0.10_0_2_henkin.dqdimacs	TIMEOUT	901.669045412	901.1385743543506	1511.043072
pipe.scholl_comp.blif_0.10_0.10_0_3_henkin.dqdimacs	TIMEOUT	901.736067655	901.1063732840121	964.415488
pipe.scholl_comp.blif_0.10_0.10_1_3_henkin.dqdimacs	TIMEOUT	901.769721033	901.1305855028331	1576.267776
pipe.scholl_comp.blif_0.10_0.20_0_0_henkin.dqdimacs	TIMEOUT	901.716586093	901.0989165939391	850.2435839999999
pipe.scholl_comp.blif_0.10_0.20_1_3_henkin.dqdimacs	TIMEOUT	901.775422583	901.1524738557637	1517.93664
pipe.scholl_comp.blif_0.10_0.20_2_1_henkin.dqdimacs	TIMEOUT	901.758496708	901.1305855177343	1444.39296
pipe.scholl_comp.blif_0.10_0.50_0_3_henkin.dqdimacs	TIMEOUT	901.648862569	901.1467345431447	999.407616
pipe.scholl_comp.blif_0.10_0.50_1_3_henkin.dqdimacs	TIMEOUT	901.769565437	901.1468099430203	1517.93664
pipe.scholl_comp.blif_0.10_1.00_0_0_henkin.dqdimacs	TIMEOUT	901.736103928	901.1148793287575	987.8855679999999
pipe.scholl_comp.blif_0.10_1.00_0_1_henkin.dqdimacs	unsat	1.44337978	1.4988582283258438	110.092288
pipe.scholl_comp.blif_0.10_1.00_2_0_henkin.dqdimacs	TIMEOUT	901.778573855	901.1631218381226	1917.05088
pipe.scholl_comp.blif_0.10_1.00_2_1_henkin.dqdimacs	unsat	352.331201887	352.09850154072046	1005.707264
pipe.scholl_comp.blif_0.10_1.00_2_3_henkin.dqdimacs	TIMEOUT	901.787619863	901.1630425900221	1840.76288
pipe.scholl_comp.blif_0.10_1.00_4_2_henkin.dqdimacs	TIMEOUT	901.657929561	901.1307138502598	1309.270016
pipe.scholl_comp.blif_0.10_1.00_5_2_henkin.dqdimacs	TIMEOUT	901.769833186	901.1468866616488	1395.38432
pipe.scholl_comp.blif_0.10_1.00_9_3_henkin.dqdimacs	TIMEOUT	901.756952252	901.1466978415847	1390.6698239999998
pipe.scholl_comp.blif_0.20_0.10_0_2_henkin.dqdimacs	TIMEOUT	901.731225456	901.1106429472566	1115.66848
pipe.scholl_comp.blif_0.20_0.10_1_1_henkin.dqdimacs	TIMEOUT	901.736455341	901.1064379662275	913.170432
pipe.scholl_comp.blif_0.20_0.20_0_3_henkin.dqdimacs	TIMEOUT	901.737877718	901.0987784191966	954.052608
pipe.scholl_comp.blif_0.20_0.20_2_2_henkin.dqdimacs	TIMEOUT	901.652953186	901.1625846587121	1128.869888
pipe.scholl_comp.blif_0.20_1.00_4_0_henkin.dqdimacs	TIMEOUT	901.750841572	901.1268007904291	1171.120128
pipe.scholl_comp.blif_0.20_1.00_5_1_henkin.dqdimacs	TIMEOUT	901.742303843	901.1147315949202	982.8966399999999
pipe.scholl_comp.blif_0.20_1.00_9_3_henkin.dqdimacs	TIMEOUT	901.749684452	901.1150742582977	1369.5590399999999
pipe.scholl_comp.blif_0.30_0.50_2_1_henkin.dqdimacs	TIMEOUT	901.758422528	901.1305876858532	1309.5280639999999
pipe.scholl_comp.blif_0.50_1.00_2_2_henkin.dqdimacs	TIMEOUT	901.775597911	901.1627611033618	1723.981824
pipe.scholl_comp.blif_0.50_1.00_4_0_henkin.dqdimacs	TIMEOUT	901.677724926	901.1667400710285	1529.040896
pipe.scholl_comp.blif_0.50_1.00_5_1_henkin.dqdimacs	TIMEOUT	901.755505432	901.1306558847427	1299.9516159999998
pipe.scholl_comp.blif_0.50_1.00_9_1_henkin.dqdimacs	TIMEOUT	901.776586198	901.1466993279755	1684.6643199999999
pipe.scholl_comp.blif_0.50_1.00_9_2_henkin.dqdimacs	TIMEOUT	901.776884887	901.1627838276327	1766.44096
pipe.scholl_comp.blif_0.60_1.00_4_0_henkin.dqdimacs	TIMEOUT	901.781346008	901.1507223695517	1677.197312
pipe.scholl_comp.blif_0.60_1.00_5_0_henkin.dqdimacs	TIMEOUT	901.74259475	901.1305906549096	1154.863104
pipe.scholl_comp.blif_0.60_1.00_9_2_henkin.dqdimacs	TIMEOUT	901.696429197	901.1665842272341	1868.55424
pipe.scholl_term1.blif_0.10_1.00_5_1_henkin.dqdimacs	TIMEOUT	901.814525838	901.1948003172874	2051.7888
pipe.scholl_term1.blif_0.10_1.00_5_2_henkin.dqdimacs	unsat	4.001110079	4.058677740395069	266.981376
pipe.scholl_term1.blif_0.20_1.00_3_1_henkin.dqdimacs	TIMEOUT	901.74540976	901.11465376243	1076.6172159999999
pipe.scholl_term1.blif_0.20_1.00_3_2_henkin.dqdimacs	TIMEOUT	901.75334037	901.1629848703742	1415.5694079999998
pipe.scholl_term1.blif_0.20_1.00_5_2_henkin.dqdimacs	unsat	4.068667915	4.126631997525692	267.10835199999997
pipe.scholl_term1.blif_0.20_1.00_9_0_henkin.dqdimacs	TIMEOUT	901.806427843	901.1627088338137	1944.1827839999999
pipe.scholl_term1.blif_0.50_1.00_3_0_henkin.dqdimacs	TIMEOUT	901.727672647	901.1062239855528	960.88064
pipe.scholl_term1.blif_0.50_1.00_3_1_henkin.dqdimacs	TIMEOUT	901.663716882	901.1329241842031	1347.272704
pipe.scholl_term1.blif_0.50_1.00_5_0_henkin.dqdimacs	TIMEOUT	901.817131907	901.2027153111994	2345.394176
pipe.scholl_term1.blif_0.50_1.00_5_3_henkin.dqdimacs	TIMEOUT	901.83215163	901.199004214257	2646.07744
pipe.scholl_term1.blif_0.60_1.00_3_1_henkin.dqdimacs	TIMEOUT	901.747645123	901.1308717429638	1353.695232
pipe.scholl_term1.blif_0.60_1.00_3_3_henkin.dqdimacs	TIMEOUT	901.741531478	901.1186166666448	1024.835584
pipe.scholl_term1.blif_0.60_1.00_5_1_henkin.dqdimacs	TIMEOUT	901.802676284	901.1786717101932	2051.7888
pipe.scholl_term1.blif_0.60_1.00_9_0_henkin.dqdimacs	TIMEOUT	901.698547839	901.1665976755321	1941.823488
pipe.scholl_z4ml.blif_0.10_0.10_2_3_henkin.dqdimacs	TIMEOUT	901.716378626	901.1065928079188	600.8176639999999
pipe.scholl_z4ml.blif_0.10_0.20_2_0_henkin.dqdimacs	TIMEOUT	901.745756024	901.1146503724158	1072.033792
pipe.scholl_z4ml.blif_0.10_0.50_0_1_henkin.dqdimacs	unsat	0.042159468	0.09075318649411201	13.88544
pipe.scholl_z4ml.blif_0.10_0.50_2_3_henkin.dqdimacs	TIMEOUT	901.706646833	901.0828734599054	600.8176639999999
pipe.scholl_z4ml.blif_0.10_1.00_2_0_henkin.dqdimacs	sat	2.940357464	2.9787338450551033	115.990528
pipe.scholl_z4ml.blif_0.20_1.00_1_0_henkin.dqdimacs	sat	2.055823957	2.0907581262290478	90.300416
pipe.scholl_z4ml.blif_0.20_1.00_7_0_henkin.dqdimacs	sat	1.047110956	1.098826702684164	68.149248
pipe.scholl_z4ml.blif_0.30_0.10_1_2_henkin.dqdimacs	TIMEOUT	901.723142307	901.0817185565829	662.687744
pipe.scholl_z4ml.blif_0.30_0.10_2_1_henkin.dqdimacs	TIMEOUT	901.711143642	901.0988870710135	471.707648
pipe.sgen3-n140-s18527668-sat.cnf.dqdimacs	sat	22.064164757	22.090798314660788	7.5980799999999995
pipe.sgen3-n160-s40283905-sat.cnf.dqdimacs	TIMEOUT	901.678719083	901.0350104495883	25.423872
pipe.sgen3-n180-s34713902-sat.cnf.dqdimacs	sat	21.708130703	21.730905383825302	8.777728
pipe.sgen3-n200-s39840374-sat.cnf.dqdimacs	TIMEOUT	901.578665121	901.0507659837604	28.307456
pipe.sgen3-n220-s24359701-sat.cnf.dqdimacs	TIMEOUT	901.674975208	901.0390380695462	30.015487999999998
pipe.sgen3-n240-s78945233-sat.cnf.dqdimacs	TIMEOUT	901.669296964	901.0428764000535	31.191039999999997
pipe.sgen3-n260-s62321009-sat.cnf.dqdimacs	TIMEOUT	901.676997237	901.0419170483947	33.288191999999995
pipe.sgen3-n280-s93756482-sat.cnf.dqdimacs	TIMEOUT	901.670488565	901.0505293048918	33.81248
pipe.sgen3-n300-s12830984-sat.cnf.dqdimacs	TIMEOUT	901.677806496	901.0542359873652	35.909631999999995
pipe.tentrup_amba_decomposed_decode_environment_16.dqdimacs	TIMEOUT	901.595451564	901.0588706173003	256.606208
pipe.tentrup_amba_decomposed_tburst4_system_16.dqdimacs	TIMEOUT	901.784206015	901.1625350192189	1937.2032
pipe.tentrup_genbuf3_system_16.dqdimacs	OUT OF MEMORY	808.910792684	808.3468511365354	4000.002048
pipe.tentrup_lilydemo07_system_16.dqdimacs	sat	27.26231344	27.290799137204885	388.861952
pipe.tentrup_ltl2dba13_environment_8.dqdimacs	unsat	48.134167686	48.154688861221075	36.564992
pipe.tentrup_ltl2dba_U1_system_16.dqdimacs	TIMEOUT	901.714995799	901.0909026786685	603.68896
pipe.tentrup_ltl2dba_alpha_environment_8.dqdimacs	unsat	121.750704029	121.7223515920341	35.237888
pipe.tentrup_pec_adder_n_bit_1_19.dqdimacs	TIMEOUT	901.853765922	901.2265978343785	2992.3491839999997
pipe.tentrup_pec_adder_n_bit_1_3.dqdimacs	TIMEOUT	901.841907956	901.2266239337623	2954.088448
pipe.tentrup_pec_adder_n_bit_3_1.dqdimacs	TIMEOUT	901.759285794	901.2304890565574	3198.132224
pipe.tentrup_pec_adder_n_bit_3_18.dqdimacs	TIMEOUT	901.797919698	901.1785429343581	2187.972608
pipe.tentrup_pec_adder_n_bit_4_11.dqdimacs	TIMEOUT	901.823779361	901.2103530168533	2685.91104
pipe.tentrup_pec_adder_n_bit_4_5.dqdimacs	TIMEOUT	901.820978332	901.2266253978014	2544.35328
pipe.tentrup_pec_adder_n_bit_5_11.dqdimacs	TIMEOUT	901.813182587	901.1944290138781	2288.37376
pipe.tentrup_pec_adder_n_bit_5_18.dqdimacs	TIMEOUT	901.782526009	901.1675845421851	1868.926976
pipe.tentrup_pec_adder_n_bit_8_1.dqdimacs	TIMEOUT	901.722427403	901.2066822499037	2292.043776
pipe.tentrup_pec_adder_n_bit_8_7.dqdimacs	TIMEOUT	901.825507331	901.2110289633274	2556.403712
pipe.tentrup_pec_adder_n_bit_9_11.dqdimacs	TIMEOUT	901.806414416	901.1709015071392	2358.370304
pipe.tentrup_pec_adder_n_bit_9_17.dqdimacs	TIMEOUT	901.785426985	901.1620798408985	1877.839872
pipe.tentrup_pec_adder_n_bit_9_20.dqdimacs	TIMEOUT	901.821161719	901.1908054351807	2139.328512
pipe.tentrup_pec_adder_n_bit_9_22.dqdimacs	TIMEOUT	901.887505508	901.2586315199733	3377.053696
pipe.tentrup_pec_adder_n_bit_9_6.dqdimacs	TIMEOUT	901.733484455	901.210509493947	2650.78784
pipe.tentrup_pec_look_ahead_arbiter_1_0.dqdimacs	TIMEOUT	901.722362821	901.0985433124006	780.7836159999999
pipe.tentrup_pec_look_ahead_arbiter_1_11.dqdimacs	TIMEOUT	901.729982841	901.0945265889168	933.8716159999999
pipe.tentrup_pec_look_ahead_arbiter_1_14.dqdimacs	TIMEOUT	901.727267706	901.0788580998778	771.60448
pipe.tentrup_pec_look_ahead_arbiter_1_2.dqdimacs	TIMEOUT	901.721483099	901.1068624332547	620.466176
pipe.tentrup_pec_look_ahead_arbiter_2_4.dqdimacs	TIMEOUT	901.709965905	901.0986991934478	580.3663359999999
pipe.tentrup_pec_look_ahead_arbiter_3_12.dqdimacs	TIMEOUT	901.628763207	901.0984783582389	598.843392
pipe.tentrup_pec_look_ahead_arbiter_3_15.dqdimacs	TIMEOUT	901.733586584	901.1148280128837	838.713344
pipe.tentrup_pec_look_ahead_arbiter_3_3.dqdimacs	TIMEOUT	901.715643324	901.0829327329993	596.488192
pipe.tentrup_pec_look_ahead_arbiter_5_1.dqdimacs	TIMEOUT	901.730203611	901.1108301132917	704.876544
pipe.tentrup_pec_look_ahead_arbiter_5_10.dqdimacs	TIMEOUT	901.722419162	901.1078730672598	613.53984
pipe.tentrup_pec_look_ahead_arbiter_5_12.dqdimacs	TIMEOUT	901.720166984	901.0829074196517	786.5507839999999
pipe.tentrup_pec_look_ahead_arbiter_5_2.dqdimacs	TIMEOUT	901.627669175	901.1145647503436	623.37024
pipe.tentrup_pec_look_ahead_arbiter_5_3.dqdimacs	TIMEOUT	901.719994827	901.0830391533673	667.6725759999999
pipe.tentrup_pec_look_ahead_arbiter_6_12.dqdimacs	TIMEOUT	901.718581389	901.0988769382238	670.4128
pipe.tentrup_pec_look_ahead_arbiter_6_2.dqdimacs	TIMEOUT	901.721679133	901.1008069179952	654.860288
pipe.tentrup_pec_look_ahead_arbiter_7_2.dqdimacs	TIMEOUT	901.751281489	901.125801961869	1034.010624
pipe.tentrup_pec_look_ahead_arbiter_7_22.dqdimacs	TIMEOUT	901.723379805	901.0988418459892	866.115584
pipe.tentrup_pec_look_ahead_arbiter_7_5.dqdimacs	TIMEOUT	901.623063213	901.1146209351718	570.9373439999999
pipe.tentrup_pec_look_ahead_arbiter_7_9.dqdimacs	TIMEOUT	901.724427429	901.0989626683295	690.212864
pipe.tentrup_pec_look_ahead_arbiter_8_4.dqdimacs	TIMEOUT	901.718074978	901.0829242318869	735.4245119999999
pipe.tentrup_pec_multiplexer_1_11.dqdimacs	TIMEOUT	901.719593589	901.0924082398415	695.9800319999999
pipe.tentrup_pec_multiplexer_1_2.dqdimacs	TIMEOUT	901.747288717	901.0986281521618	823.250944
pipe.tentrup_pec_multiplexer_1_26.dqdimacs	TIMEOUT	901.708258413	901.0671052709222	493.215744
pipe.tentrup_pec_multiplexer_1_4.dqdimacs	TIMEOUT	901.656773383	901.1306662261486	991.158272
pipe.tentrup_pec_multiplexer_1_8.dqdimacs	TIMEOUT	901.731031447	901.0865106210113	662.171648
pipe.tentrup_pec_multiplexer_2_2.dqdimacs	TIMEOUT	901.692248804	901.050854396075	259.121152
pipe.tentrup_pec_multiplexer_3_2.dqdimacs	TIMEOUT	901.736356935	901.1028743237257	980.9387519999999
pipe.tentrup_pec_multiplexer_3_30.dqdimacs	TIMEOUT	901.747188379	901.1147805415094	994.54976
pipe.tentrup_pec_multiplexer_3_6.dqdimacs	TIMEOUT	901.724722775	901.0991384647787	778.42432
pipe.tentrup_pec_multiplexer_3_7.dqdimacs	TIMEOUT	901.650101248	901.126772839576	907.010048
pipe.tentrup_pec_multiplexer_5_11.dqdimacs	TIMEOUT	901.708773784	901.098781388253	428.433408
pipe.tentrup_pec_multiplexer_5_12.dqdimacs	TIMEOUT	901.718822474	901.0988744609058	697.42592
pipe.tentrup_pec_multiplexer_5_17.dqdimacs	TIMEOUT	901.749894067	901.122884042561	1033.8877439999999
pipe.tentrup_pec_multiplexer_5_2.dqdimacs	TIMEOUT	901.730395902	901.1146689094603	694.2719999999999
pipe.tentrup_pec_multiplier_1_0.dqdimacs	TIMEOUT	901.708715741	901.0989831872284	652.980224
pipe.tentrup_pec_multiplier_1_10.dqdimacs	TIMEOUT	901.640815942	901.1307217553258	861.913088
pipe.tentrup_pec_multiplier_1_11.dqdimacs	TIMEOUT	901.722466696	901.0827085934579	613.00736
pipe.tentrup_pec_multiplier_1_20.dqdimacs	TIMEOUT	901.731308832	901.0989465042949	832.299008
pipe.tentrup_pec_multiplier_1_30.dqdimacs	TIMEOUT	901.730686814	901.1067811846733	772.644864
pipe.tentrup_pec_multiplier_1_9.dqdimacs	TIMEOUT	901.725109668	901.1147472709417	572.90752
pipe.tentrup_pec_multiplier_3_2.dqdimacs	TIMEOUT	901.716383962	901.0826912745833	636.215296
pipe.tentrup_pec_multiplier_3_3.dqdimacs	TIMEOUT	901.648603567	901.1146873310208	922.0710399999999
pipe.tentrup_pec_multiplier_3_4.dqdimacs	TIMEOUT	901.73249966	901.0828548260033	682.356736
pipe.x1_40.shuffled.cnf.dqdimacs	unsat	11.979016529	12.010611820966005	8.384511999999999
pipe.x1_80.shuffled.cnf.dqdimacs	TIMEOUT	901.678544148	901.0347918830812	54.902784
